"cz","Name","Fraction_College_Graduates_in_2012-16"
"cz35202","Gunnison, CO",0.5097
"cz11304","Washington DC, DC & MD & VA",0.4937
"cz36303","Jackson, ID & WY",0.4926
"cz38402","Pullman, ID & WA",0.4895
"cz28704","Laramie, CO & WY",0.4704
"cz39301","Friday Harbor, WA",0.4678
"cz34402","Bozeman, MT",0.4424
"cz20500","Boston, MA",0.4414
"cz37800","San Francisco, CA",0.4336
"cz37500","San Jose, CA",0.4243
"cz28900","Denver, CO",0.4215
"cz20402","Nantucket, MA",0.4183
"cz23100","Madison, WI",0.4163
"cz1701","Raleigh, NC",0.4125
"cz28702","Glenwood Springs, CO",0.412
"cz31201","Austin, TX",0.4047
"cz21501","Minneapolis, MN & WI",0.4025
"cz26003","West Cook UT, MN",0.3998
"cz19600","Newark, NJ & NY",0.3978
"cz20403","Oak Bluffs, MA",0.3969
"cz20200","Burlington, VT",0.3944
"cz22100","Iowa City, IA",0.3902
"cz34109","Juneau, AK",0.3805
"cz9100","Atlanta, GA",0.3781
"cz20901","Bridgeport, CT",0.3757
"cz11302","Baltimore, MD",0.375
"cz34504","Missoula, MT",0.3739
"cz36000","Provo, UT",0.3733
"cz28703","Granby, CO",0.3725
"cz39400","Seattle, WA",0.3691
"cz26501","Brookings, SD",0.3689
"cz23400","Bloomington, IL",0.3669
"cz30401","Stillwater, OK",0.3666
"cz19400","New York, NY",0.3654
"cz38801","Portland, OR & WA",0.3641
"cz29601","Columbia, MO",0.3624
"cz24300","Chicago, IL",0.362
"cz27501","Des Moines, IA",0.3613
"cz20302","Claremont, NH & VT",0.3611
"cz19500","Toms River, NJ",0.3582
"cz34802","Santa Fe, NM",0.358
"cz34403","Helena, MT",0.3565
"cz28800","Fort Collins, CO",0.356
"cz20600","Manchester, ME & NH",0.3555
"cz17600","Charlottesville, VA",0.3552
"cz36401","Steamboat Springs, CO",0.3539
"cz38000","San Diego, CA",0.3527
"cz15900","Columbus, OH",0.3483
"cz11700","Lansing, MI",0.3449
"cz29502","Kansas City, KS & MO",0.344
"cz29204","Topeka, KS",0.3437
"cz26801","Fargo, MN & ND",0.3431
"cz2400","Richmond, VA",0.3425
"cz28701","Salida, CO",0.3413
"cz28401","Colorado Springs, CO",0.3412
"cz28101","Lincoln, NE",0.341
"cz5600","Nashville, TN",0.3402
"cz19700","Philadelphia, NJ & PA",0.3389
"cz900","Charlotte, NC & SC",0.3388
"cz33100","Dallas, TX",0.3361
"cz21701","Rochester, MN",0.3354
"cz23500","Decatur, IL",0.3337
"cz19800","Wilmington, DE & MD",0.3331
"cz28202","Omaha, IA & NE",0.3327
"cz39302","Bellingham, WA",0.3315
"cz24701","St. Louis, IL & MO",0.3311
"cz11301","Fredericksburg, VA",0.331
"cz20902","Pittsfield, MA & VT",0.3297
"cz18600","Albany, NY",0.3282
"cz14200","Indianapolis, IN",0.3277
"cz34701","Honolulu, HI",0.3277
"cz20700","Keene, NH & VT",0.3277
"cz9800","Auburn, AL",0.3262
"cz12901","Lexington-Fayette, KY",0.325
"cz38200","Santa Barbara, CA",0.3247
"cz31800","College Station, TX",0.3247
"cz26503","Sioux Falls, SD",0.3244
"cz29203","Manhattan, KS",0.3244
"cz9301","Winder, GA",0.3203
"cz1203","Asheville, NC",0.32
"cz18100","Elmira, NY & PA",0.32
"cz16300","Pittsburgh, PA",0.3183
"cz8202","Charleston, SC",0.3181
"cz27011","Pierre, SD",0.318
"cz31404","Alpine, TX",0.3175
"cz12701","Cincinnati, KY & OH",0.3169
"cz7900","Gainesville, FL",0.3168
"cz34115","Fairbanks, AK",0.315
"cz29006","Hays, KS",0.3148
"cz36100","Salt Lake City, UT",0.3147
"cz24100","Milwaukee, WI",0.3137
"cz20100","Portland, ME",0.3134
"cz8800","Savannah, GA & SC",0.3133
"cz20800","Springfield, MA",0.3129
"cz26502","Madison, SD",0.3116
"cz18000","Buffalo, NY",0.3071
"cz34401","Dillon, MT",0.3071
"cz9900","Tallahassee, FL",0.3068
"cz6000","Huntsville, AL & TN",0.3068
"cz28608","Kearney, NE",0.3059
"cz8100","Columbia, SC",0.3056
"cz26704","Grand Forks, MN & ND",0.3047
"cz20401","Providence, MA & RI",0.3047
"cz36200","Logan, ID & UT",0.3046
"cz25402","Murray, KY",0.3041
"cz19300","Poughkeepsie, NY",0.3024
"cz16600","Roanoke, VA & WV",0.3022
"cz21002","Houghton, MI",0.3
"cz1001","Boone, NC & TN",0.2999
"cz7100","Port St. Lucie, FL",0.2981
"cz26201","Bismarck, ND",0.2979
"cz39203","Bend, OR",0.2957
"cz34102","Anchorage, AK",0.2949
"cz15200","Cleveland, OH",0.2945
"cz2500","Newport News, VA",0.2944
"cz32000","Houston, TX",0.2944
"cz37700","Santa Rosa, CA",0.2942
"cz14600","Bloomington, IN",0.2933
"cz22200","Cedar Rapids, IA",0.2931
"cz12301","Traverse City, MI",0.2928
"cz35801","Boise City, ID",0.2924
"cz11600","Detroit, MI",0.2922
"cz7400","Orlando, FL",0.292
"cz34901","Albuquerque, NM",0.2917
"cz24802","Springfield, IL",0.2916
"cz35905","Loa, UT",0.2912
"cz10502","Starkville, MS",0.29
"cz2000","Virginia Beach, NC & VA",0.289
"cz35803","McCall, ID",0.2886
"cz10700","Birmingham, AL",0.2878
"cz16100","State College, PA",0.2874
"cz7000","Miami, FL",0.2872
"cz35001","Phoenix, AZ",0.2871
"cz34110","Sitka, AK",0.2858
"cz29301","Wichita, KS",0.2848
"cz35100","Tucson, AZ",0.2847
"cz35401","Flagstaff, AZ & UT",0.2846
"cz34308","Billings, MT",0.2833
"cz34204","Lewistown, MT",0.2833
"cz31303","Kerrville, TX",0.2829
"cz39303","Port Angeles, WA",0.2826
"cz29501","Leavenworth, KS",0.2826
"cz34103","Valdez, AK",0.282
"cz38300","Los Angeles, AZ & CA",0.282
"cz7200","Cape Coral, FL",0.2814
"cz37400","Sacramento, CA & NV",0.2813
"cz34702","Kapaa, HI",0.281
"cz7600","Jacksonville, FL & GA",0.2803
"cz34301","Cody, WY",0.2801
"cz19902","Easton, MD",0.28
"cz4200","Little Rock, AR",0.2797
"cz6700","Tampa, FL",0.2794
"cz33000","Fort Worth, TX",0.2789
"cz302","Knoxville, TN",0.2788
"cz17700","Syracuse, NY",0.2785
"cz33803","Oklahoma City, OK",0.2783
"cz36700","Eureka, CA",0.2782
"cz30300","Fayetteville, AR & MO & OK",0.2777
"cz1500","Wilmington, NC",0.2776
"cz21301","Mankato, MN",0.2771
"cz3003","Jackson, MS",0.2766
"cz12100","Kalamazoo, MI",0.2765
"cz6900","Sarasota, FL",0.2762
"cz20001","Bangor, ME",0.2747
"cz35901","St. George, UT",0.2743
"cz35600","Hilo, HI",0.2742
"cz38901","Eugene, OR",0.2728
"cz13101","Louisville, IN & KY",0.2726
"cz27601","Rapid City, SD",0.272
"cz29302","Newton, KS",0.272
"cz35903","Moab, UT",0.2715
"cz7300","Palm Bay, FL",0.2708
"cz12200","Grand Rapids, MI",0.2707
"cz3300","New Orleans, LA",0.2696
"cz37903","Mammoth Lakes, CA",0.2694
"cz26002","Duluth, MN & WI",0.2693
"cz16702","Morgantown, WV",0.2689
"cz27702","Cheyenne, NE & WY",0.2677
"cz12302","Petoskey, MI",0.2666
"cz34503","Kalispell, MT",0.2665
"cz401","Winston-Salem, NC",0.2665
"cz4003","Ruston, LA",0.2665
"cz19000","Allentown, PA",0.2663
"cz32603","Seymour, TX",0.2659
"cz10900","Pensacola, FL",0.2652
"cz38601","Spokane, ID & WA",0.2651
"cz17502","Winchester, VA & WV",0.2651
"cz11101","Montgomery, AL",0.2648
"cz8300","Greenville, SC",0.2647
"cz3500","Baton Rouge, LA",0.2646
"cz17900","Union, NY & PA",0.2621
"cz5202","Memphis, MS & TN",0.2615
"cz35201","Grand Junction, CO",0.2614
"cz22601","Green Bay, WI",0.2614
"cz26605","Aberdeen, SD",0.2613
"cz36301","Pocatello, ID",0.2602
"cz31301","San Antonio, TX",0.2594
"cz34203","Great Falls, MT",0.2582
"cz34108","Kodiak, AK",0.2575
"cz21302","Owatonna, MN",0.2573
"cz26304","Minot, ND",0.2572
"cz2900","Hattiesburg, MS",0.2559
"cz2300","Lynchburg, VA",0.2557
"cz29402","Emporia, KS",0.2555
"cz34304","Sheridan, MT & WY",0.2551
"cz30802","Lubbock, TX",0.2546
"cz34703","Kahului, HI",0.2544
"cz19200","Harrisburg, PA",0.2543
"cz23801","Davenport, IA & IL",0.2539
"cz22800","Eau Claire, MN & WI",0.2539
"cz37604","Reno, NV",0.2535
"cz22900","La Crosse, MN & WI",0.2528
"cz1202","Sylva, NC",0.2526
"cz30402","Tulsa, OK",0.2526
"cz22001","Waterloo, IA",0.2518
"cz31900","Pearland, TX",0.2517
"cz28601","Oberlin, KS",0.2515
"cz39202","Enterprise, OR",0.2515
"cz11401","Marquette, MI",0.2513
"cz17200","Harrisonburg, VA & WV",0.2507
"cz29505","Polk, MO",0.2507
"cz22500","Oshkosh, WI",0.2495
"cz21400","St. Cloud, MN",0.2494
"cz27902","York, NE",0.2485
"cz10801","Tuscaloosa, AL",0.2481
"cz28604","Colby, KS",0.2475
"cz27006","Mitchell, SD",0.2473
"cz32702","Stephenville, TX",0.2472
"cz14500","Lafayette, IL & IN",0.2467
"cz31003","Scott City, KS",0.2467
"cz29007","Township 11, KS",0.2457
"cz17300","Staunton, VA",0.2451
"cz21004","Rhinelander, WI",0.2444
"cz27201","Sioux Center, IA",0.244
"cz29700","Springfield, MO",0.2431
"cz23200","Dubuque, IA & IL",0.2428
"cz26901","Fergus Falls, MN",0.2425
"cz23900","Peoria, IL",0.2423
"cz29103","Beloit, KS",0.2413
"cz38802","The Dalles, OR & WA",0.2412
"cz500","Greensboro, NC & VA",0.2407
"cz6401","Chattanooga, GA & TN",0.2406
"cz13600","South Bend, IN & MI",0.2403
"cz19901","Dover, DE & MD",0.2401
"cz26803","Jamestown, ND",0.2392
"cz26410","Dickinson, ND",0.2389
"cz12501","Dayton, OH",0.2386
"cz31202","Burnet, TX",0.2384
"cz35300","Farmington, CO & NM",0.2381
"cz8401","Aiken, GA & SC",0.238
"cz29001","Pratt, KS",0.2379
"cz26405","Scobey, MT",0.2373
"cz24000","Kenosha, WI",0.2372
"cz13501","Toledo, MI & OH",0.2367
"cz26401","Ekalaka, MT & SD",0.2366
"cz17800","Oneonta, NY",0.2362
"cz26701","Bemidji, MN",0.2352
"cz27102","Marshall, MN",0.2351
"cz1201","Franklin, GA & NC",0.2336
"cz36800","Medford, OR",0.2333
"cz26403","Bowman, ND",0.2332
"cz35402","Cortez, CO & UT",0.2323
"cz24900","Edwardsville, IL",0.232
"cz18800","Scranton, PA",0.2319
"cz39201","La Grande, OR",0.2318
"cz31304","Mason, TX",0.2316
"cz14100","Fort Wayne, IN",0.2313
"cz5401","Bowling Green, KY",0.2313
"cz34805","Alamosa, CO",0.231
"cz24500","Rolla, MO",0.2308
"cz11001","Mobile, AL",0.2299
"cz33801","Elk City, OK",0.2297
"cz4402","Richmond, KY",0.2295
"cz36302","Salmon, ID",0.2294
"cz26107","Kirksville, MO",0.2291
"cz34404","Butte-Silver Bow, MT",0.229
"cz27301","Spencer, IA",0.229
"cz16500","Erie, NY & PA",0.2287
"cz27005","Yankton, NE & SD",0.2286
"cz15800","Athens, OH & WV",0.2276
"cz32601","Wichita Falls, TX",0.2274
"cz21001","Ashland, WI",0.2273
"cz39100","Kennewick, OR & WA",0.2269
"cz4702","Clarksdale, MS",0.2267
"cz29104","Salina, KS",0.2264
"cz19100","Reading, PA",0.2257
"cz23301","Charleston, IL",0.2251
"cz28606","Wano, KS & NE",0.2243
"cz27010","Miller, SD",0.2234
"cz9701","Columbus, AL & GA",0.2233
"cz38502","Wenatchee, WA",0.2231
"cz32301","San Angelo, TX",0.2219
"cz28603","Phillipsburg, KS",0.2216
"cz38902","Newport, OR",0.221
"cz14700","Evansville, IL & IN",0.2206
"cz8602","Brunswick, GA",0.2204
"cz11303","Colonial Beach, VA",0.2203
"cz18400","Plattsburgh, NY",0.2201
"cz21600","Brainerd, MN",0.2199
"cz24400","Rockford, IL",0.2199
"cz20301","Berlin, NH & VT",0.2198
"cz30601","El Paso, NM & TX",0.2197
"cz27701","Scottsbluff, NE",0.2196
"cz26412","Williston, ND",0.2194
"cz26303","Turtle Mountain UT, ND",0.2192
"cz28303","Oshkosh, NE",0.2192
"cz11800","Mount Pleasant, MI",0.2191
"cz22300","Ottumwa, IA",0.219
"cz1900","Jacksonville, NC",0.2188
"cz26302","Carrington, ND",0.2185
"cz22400","Sheboygan, WI",0.2181
"cz28501","Springfield, CO",0.2181
"cz25601","Carbondale, IL",0.218
"cz39205","John Day, OR",0.2174
"cz23700","Galesburg, IL",0.2174
"cz8900","Macon, GA",0.2172
"cz28305","Broken Bow, NE",0.2167
"cz26802","Lisbon, ND",0.2165
"cz27703","Torrington, WY",0.2162
"cz27901","Hastings, NE",0.216
"cz34303","Riverton, WY",0.2159
"cz22700","Wausau, WI",0.2158
"cz34201","Havre, MT",0.2156
"cz15100","Lorain, OH",0.2153
"cz34302","Worland, WY",0.2151
"cz37603","Portola, CA",0.2148
"cz26604","Mobridge, SD",0.2147
"cz26411","Sidney, MT & ND",0.2143
"cz34111","Ketchikan, AK",0.2139
"cz10000","Panama City, FL",0.2128
"cz30903","Amarillo, TX",0.2125
"cz1204","Andrews, GA & NC",0.2125
"cz30501","Woodward, OK",0.2123
"cz14900","Gary, IN",0.212
"cz28302","Ogallala, CO & NE",0.212
"cz8702","Statesboro, GA",0.2115
"cz28001","Sioux City, IA & NE & SD",0.2114
"cz34603","Casper, WY",0.211
"cz4002","Shreveport, LA",0.2108
"cz700","Spartanburg, NC & SC",0.2107
"cz28306","North Platte, NE",0.2103
"cz34902","Socorro, NM",0.21
"cz37300","Chico, CA",0.21
"cz23000","Monroe, WI",0.2099
"cz5900","Clarksville, KY & TN",0.2098
"cz7500","Deltona, FL",0.2096
"cz32900","Killeen, TX",0.2096
"cz18300","Watertown, NY",0.2096
"cz1400","Fayetteville, NC",0.2095
"cz28102","Nebraska City, NE",0.2094
"cz17400","Hagerstown, MD & PA & WV",0.2091
"cz29201","Hiawatha, KS",0.2089
"cz29901","Joplin, KS & MO & OK",0.2089
"cz21801","Mason City, IA",0.2087
"cz32501","Abilene, TX",0.2083
"cz28503","Trinidad, CO",0.2083
"cz30502","Enid, OK",0.2076
"cz1100","Hickory, NC",0.2076
"cz16901","Charleston, WV",0.2069
"cz33901","Ada, OK",0.2065
"cz37901","Las Vegas, AZ & NV",0.2065
"cz27001","O'Neill, NE",0.2065
"cz3203","Vicksburg, LA & MS",0.2063
"cz32202","Nacogdoches, TX",0.2055
"cz27004","Winner, SD",0.2052
"cz100","Johnson City, TN & VA",0.205
"cz36404","Rock Springs, UT & WY",0.2049
"cz29008","Center, KS",0.2044
"cz26504","Watertown, SD",0.2036
"cz4001","Magnolia, AR",0.2034
"cz34307","Colstrip, MT",0.2033
"cz9400","Gainesville, GA",0.2031
"cz14300","Columbus, IN",0.203
"cz26804","Cooperstown, ND",0.2027
"cz12002","Ludington, MI",0.2025
"cz30604","Deming, NM",0.2021
"cz38401","Lewiston, ID & WA",0.202
"cz28605","Goodland, KS",0.2019
"cz30602","Alamogordo, NM",0.2018
"cz11900","Saginaw, MI",0.2015
"cz28304","Valentine, NE",0.2014
"cz34602","Rawlins, WY",0.2013
"cz20002","Calais, ME",0.2009
"cz29002","Coldwater, KS",0.2009
"cz34309","Harlowton, MT",0.2008
"cz35701","Twin Falls, ID",0.2007
"cz26407","Plentywood, MT",0.2007
"cz29403","Bartlesville, KS & OK",0.2003
"cz26408","Glasgow, MT",0.2002
"cz1302","Florence, SC",0.2002
"cz27012","Gettysburg, SD",0.1998
"cz26404","Lemmon, ND & SD",0.1998
"cz32801","Waco, TX",0.1994
"cz27101","Willmar, MN",0.1984
"cz27007","Huron, SD",0.1984
"cz33601","Lawton, OK",0.1983
"cz21802","Decorah, IA",0.1982
"cz27008","Parkston, SD",0.1979
"cz31006","Guymon, KS & OK & TX",0.1976
"cz4901","Jackson, TN",0.1973
"cz26204","Steele, ND",0.197
"cz11500","Jackson, MI",0.1968
"cz33902","Sherman, OK & TX",0.1967
"cz30901","Clovis, NM & TX",0.1963
"cz26409","Glendive, MT & ND",0.1961
"cz29101","Concordia, KS",0.1961
"cz6302","Cookeville, TN",0.1961
"cz28502","Pueblo, CO",0.196
"cz27402","Fort Dodge, IA",0.1959
"cz29503","St. Joseph, KS & MO",0.1954
"cz27801","Columbus-Norfolk, NE",0.1953
"cz33300","Tyler, TX",0.1949
"cz3800","Lafayette, LA",0.1948
"cz29005","Hutchinson, KS",0.1947
"cz16400","Youngstown, OH & PA",0.1946
"cz34801","Las Vegas, NM",0.1946
"cz34305","Miles City, MT",0.1941
"cz31401","Midland, TX",0.1938
"cz26301","Devils Lake, ND",0.1934
"cz21102","Amery, WI",0.1932
"cz27009","Chamberlain, SD",0.1931
"cz9600","LaGrange, AL & GA",0.193
"cz25701","Cape Girardeau, MO",0.193
"cz3901","Monroe, LA",0.1926
"cz13800","Wayne, IN",0.1924
"cz30200","Muskogee, OK",0.1921
"cz34601","Gillette, WY",0.1918
"cz22002","Iowa Falls, IA",0.1916
"cz11403","Sault Ste. Marie, MI",0.1914
"cz26102","Marshall, MO",0.1913
"cz27002","Ord, NE",0.1913
"cz34104","Bristol Bay, AK",0.1911
"cz2700","Gulfport, MS",0.191
"cz21900","Marshalltown, IA",0.1908
"cz34502","Libby, MT",0.1908
"cz27903","Grand Island, NE",0.1906
"cz19903","Chincoteague, VA",0.1901
"cz29401","Ottawa, KS",0.1901
"cz14000","Muncie, IN",0.19
"cz34604","Lusk, WY",0.1899
"cz27503","Atlantic, IA",0.1898
"cz10302","Dothan, AL",0.1895
"cz18900","Williamsport, PA",0.1893
"cz17100","Huntington, KY & OH & WV",0.1892
"cz15000","Canton, OH",0.1888
"cz27401","Storm Lake, IA",0.1885
"cz27802","Columbus, NE",0.1884
"cz21101","Rice Lake, WI",0.1883
"cz2100","Washington, NC",0.1881
"cz27603","Southwest Jackson UT, SD",0.188
"cz29303","Winfield, KS",0.188
"cz10501","Columbus, AL & MS",0.188
"cz36901","Crescent City, CA & OR",0.1879
"cz33602","Altus, OK",0.1878
"cz11102","Troy, AL",0.1877
"cz36403","Soda Springs, ID",0.1873
"cz25000","Quincy, IL & MO",0.1868
"cz26702","Grafton, MN & ND",0.1863
"cz18201","Olean, NY & PA",0.1862
"cz18700","Sunbury, PA",0.1858
"cz29003","Dodge City, KS",0.1855
"cz28201","Red Oak, IA",0.1855
"cz36501","Klamath Falls, CA & OR",0.1847
"cz29004","Great Bend, KS",0.1842
"cz31700","Corpus Christi, TX",0.1841
"cz36600","Redding, CA",0.184
"cz25900","Jonesboro, AR",0.1837
"cz27003","Ainsworth, NE",0.1837
"cz15600","Wheeling, OH & WV",0.1837
"cz26001","Roseau, MN",0.1836
"cz800","Gastonia, NC",0.1834
"cz34202","Shelby, MT",0.1833
"cz3700","Lake Charles, LA",0.1833
"cz21702","Austin, MN",0.1829
"cz13000","Elizabethtown, KY",0.1828
"cz26004","International Falls, MN",0.1826
"cz29102","Superior, NE",0.1823
"cz6800","Lakeland, FL",0.1821
"cz25401","Paducah, IL & KY",0.1821
"cz15300","Parkersburg, OH & WV",0.1818
"cz26104","Trenton, MO",0.1816
"cz23802","Clinton, IA",0.1815
"cz4800","Greenville, MS",0.1814
"cz16200","Altoona, PA",0.1813
"cz24200","Bourbonnais, IL",0.1809
"cz29202","Marysville, KS",0.1807
"cz13300","Findlay, OH",0.1806
"cz26202","East Grant UT, ND",0.1806
"cz28002","West Point, NE",0.1805
"cz14400","Terre Haute, IN",0.1804
"cz28301","Sterling, CO",0.1801
"cz23302","Douglas, IL",0.18
"cz20003","Presque Isle, ME",0.1799
"cz8503","Valdosta, GA",0.1799
"cz34001","Hot Springs, AR",0.1798
"cz38602","Colville, WA",0.1796
"cz26703","Thief River Falls, MN",0.1796
"cz21003","Ironwood, MI & WI",0.1796
"cz12800","Washington, IN",0.1789
"cz29602","Eldon, MO",0.1789
"cz7800","Ocala, FL",0.1788
"cz8000","Sumter, SC",0.1783
"cz27302","Fairmont, IA & MN",0.1779
"cz30701","Roswell, NM",0.1778
"cz28607","McCook, NE",0.1778
"cz32701","Brownwood, TX",0.1777
"cz6501","Ellijay, GA",0.1776
"cz30603","Truth or Consequences, NM",0.1773
"cz31005","Perryton, TX",0.1772
"cz26602","Sisseton, SD",0.1771
"cz21201","Hutchinson, MN",0.177
"cz31001","Garden City, KS",0.1765
"cz27502","Creston, IA",0.1764
"cz4701","Greenwood, MS",0.1763
"cz25500","Centralia, IL",0.1755
"cz31102","La Grange, TX",0.1754
"cz34501","Bonners Ferry, ID",0.1753
"cz25300","Union City, KY & TN",0.175
"cz11402","Marinette, MI & WI",0.1749
"cz35904","Richfield, UT",0.1747
"cz18202","St. Marys, PA",0.1745
"cz39000","Yakima, WA",0.1741
"cz5000","Tupelo, MS",0.1741
"cz30907","Matador, TX",0.174
"cz13400","Lima, OH",0.1739
"cz5700","Tullahoma, TN",0.1736
"cz28609","Lexington, NE",0.1735
"cz35902","Price, UT",0.173
"cz33400","Longview, TX",0.1729
"cz26305","Rugby, ND",0.1729
"cz16703","Buckhannon, WV",0.1725
"cz36503","Lakeview, OR",0.1724
"cz23600","Burlington, IA & IL & MO",0.1723
"cz33802","Chickasha, OK",0.172
"cz27504","Carroll, IA",0.1715
"cz4103","El Dorado, AR",0.1715
"cz36502","Burns, OR",0.1715
"cz30000","Russellville, AR",0.1709
"cz10102","Thomasville, GA",0.1706
"cz32201","Huntsville, TX",0.1705
"cz4302","Searcy, AR",0.1705
"cz27202","Worthington, IA & MN",0.1704
"cz36902","Roseburg, OR",0.1703
"cz12903","Danville, KY",0.1703
"cz39204","Condon, OR",0.1701
"cz31002","Ulysses, KS",0.1701
"cz31101","Victoria, TX",0.17
"cz33700","Ardmore, OK",0.1699
"cz6200","Florence, AL & TN",0.1698
"cz17501","Cumberland, MD & WV",0.1694
"cz32305","Del Rio, TX",0.1693
"cz38700","Longview, OR & WA",0.1686
"cz35702","Burley, ID",0.1684
"cz12001","Big Rapids, MI",0.1684
"cz10200","Albany, GA",0.1683
"cz1600","Wilson, NC",0.1671
"cz15500","Steubenville, OH & WV",0.1671
"cz37601","Elko, NV",0.1666
"cz24801","Jacksonville, IL",0.1665
"cz1002","Morganton, NC",0.1662
"cz18500","Amsterdam, NY",0.1662
"cz10400","Meridian, MS",0.1661
"cz16801","Beckley, WV",0.1659
"cz30904","Pampa, TX",0.1658
"cz26603","East Corson UT, ND & SD",0.1643
"cz32304","Uvalde, TX",0.164
"cz26106","Centerville, IA",0.1638
"cz33200","Paris, TX",0.1636
"cz34107","Dillingham, AK",0.1635
"cz3600","Alexandria, LA",0.1634
"cz21202","Redwood Falls, MN",0.1632
"cz25101","Mountain Home, AR & MO",0.1632
"cz28504","Burlington, CO",0.1631
"cz9002","Milledgeville, GA",0.163
"cz29506","Bethany, MO",0.1628
"cz32602","Graham, TX",0.1623
"cz29800","Aurora, MO",0.1622
"cz13900","Center, IN",0.1621
"cz32303","Junction, TX",0.1621
"cz8402","Washington, GA",0.1619
"cz16701","Elkins, WV",0.1618
"cz13200","Owensboro, KY",0.1617
"cz12401","Alpena, MI",0.1614
"cz30906","Memphis, TX",0.1614
"cz33500","Texarkana, AR & TX",0.1609
"cz2200","South Boston, VA",0.1605
"cz31600","Brownsville, TX",0.1604
"cz37200","Fresno, CA",0.1601
"cz8701","Hinesville, GA",0.1597
"cz26601","Milbank, MN & SD",0.1597
"cz6502","Cleveland, TN",0.1594
"cz26203","Linton, ND",0.1594
"cz34804","Clayton, NM",0.1592
"cz32100","Beaumont, TX",0.1589
"cz34803","Tucumcari, NM",0.1589
"cz33603","Frederick, OK",0.1588
"cz2800","Laurel, MS",0.1586
"cz32302","Brady, TX",0.1586
"cz13700","Concord, IN & MI",0.1585
"cz22602","Shawano, WI",0.1576
"cz5500","Columbia, TN",0.1576
"cz31503","Laredo, TX",0.1574
"cz11201","Bluefield, VA & WV",0.1572
"cz13103","Bardstown, KY",0.157
"cz10101","Bainbridge, GA",0.1569
"cz25103","Harrison, AR",0.1567
"cz34114","Unalaska, AK",0.1566
"cz37000","Modesto, CA",0.1562
"cz4102","Pine Bluff, AR",0.1562
"cz30100","Fort Smith, AR & OK",0.1556
"cz27704","Gordon, NE & SD",0.1553
"cz12600","Wayne, IN",0.1552
"cz29902","Center, MO",0.1549
"cz14801","Olney, IL",0.1546
"cz13102","Madison, IN & KY",0.1537
"cz32502","Childress, TX",0.1533
"cz30908","Plainview, TX",0.1524
"cz200","Morristown, TN",0.1522
"cz30905","Wellington, TX",0.1522
"cz26902","Little Falls, MN",0.1522
"cz601","North Wilkesboro, NC",0.1521
"cz3202","Natchez, LA & MS",0.152
"cz32503","Haskell, TX",0.152
"cz6600","Rome, AL & GA",0.1516
"cz27605","Mission, SD",0.1513
"cz26103","Brookfield, MO",0.1512
"cz16000","Mansfield, OH",0.1503
"cz32604","Vernon, TX",0.1503
"cz38501","Moses Lake, WA",0.1496
"cz25200","Henderson, KY",0.1492
"cz6402","Crossville, TN",0.1489
"cz29504","Sedalia, MO",0.1485
"cz25602","Harrisburg, IL",0.1484
"cz32802","Corsicana, TX",0.1482
"cz9702","Americus, GA",0.148
"cz30403","Okmulgee, OK",0.1479
"cz1800","Goldsboro, NC",0.1479
"cz12402","Grayling charter, MI",0.1478
"cz26402","Baker, MT",0.1476
"cz3102","Brookhaven, MS",0.1476
"cz37100","Bakersfield, CA",0.1475
"cz12902","Mount Sterling, KY",0.1467
"cz15700","Scioto, OH",0.1466
"cz26101","Moberly, MO",0.1466
"cz34306","Jordan, MT",0.1464
"cz13502","Defiance, OH",0.1459
"cz25104","Heber Springs, AR",0.1457
"cz27602","Eagle Butte, SD",0.1455
"cz36402","Vernal, UT",0.1455
"cz25105","Batesville, AR",0.1454
"cz6100","Gadsden, AL",0.1449
"cz35802","Ontario, ID & OR",0.1446
"cz31004","Liberal, KS & OK",0.1442
"cz4601","Campbellsville, KY",0.1441
"cz31007","Dumas, TX",0.144
"cz27604","Murdo, SD",0.1438
"cz9200","Griffin, GA",0.1436
"cz28402","Limon, CO",0.1434
"cz30902","Littlefield, TX",0.1434
"cz26105","Polk, MO",0.1434
"cz10802","Demopolis, AL",0.1427
"cz26406","Wolf Point, MT",0.1425
"cz32403","Snyder, TX",0.142
"cz12502","Washington Court House, OH",0.1418
"cz9302","Toccoa, GA",0.1407
"cz5201","New Albany, MS",0.1406
"cz38100","Yuma, AZ & CA",0.1403
"cz5402","Glasgow, KY & TN",0.1403
"cz5800","Dickson, TN",0.1403
"cz3400","Houma, LA",0.1392
"cz28602","Norton, KS",0.1379
"cz4004","Many, LA",0.1378
"cz31103","Gonzales, TX",0.1375
"cz16802","Summersville, WV",0.1375
"cz21502","Pine City, MN",0.1374
"cz25702","Poplar Bluff, MO",0.1369
"cz9500","Talladega, AL",0.1369
"cz12702","Maysville, KY",0.1367
"cz32402","Sweetwater, TX",0.1362
"cz4101","Crossett, AR",0.1362
"cz9003","Dublin, GA",0.1361
"cz25102","West Plains, AR & MO",0.1354
"cz5300","West Memphis, AR",0.135
"cz15400","Zanesville, OH",0.1343
"cz35002","Safford, AZ",0.1342
"cz8201","Barnwell, SC",0.1338
"cz14802","Vincennes, IL & IN",0.1337
"cz3101","McComb, MS",0.133
"cz7700","Lake City, FL",0.1327
"cz3001","Kosciusko, MS",0.1324
"cz4902","Dyersburg, TN",0.1323
"cz37602","Winnemucca, NV",0.1321
"cz32401","Big Spring, TX",0.132
"cz4401","London, KY",0.1316
"cz11203","Big Stone Gap, VA",0.1309
"cz24702","Mexico, MO",0.1307
"cz34106","Nome, AK",0.1303
"cz3002","Yazoo City, MS",0.1301
"cz602","Galax, NC & VA",0.1296
"cz5100","Corinth, MS & TN",0.1293
"cz9001","Vidalia, GA",0.1291
"cz8502","Cordele, GA",0.129
"cz6301","McMinnville, TN",0.1288
"cz4301","Stuttgart, AR",0.1287
"cz2600","Roanoke Rapids, NC & VA",0.1282
"cz34113","Barrow, AK",0.1282
"cz402","Martinsville, VA",0.128
"cz24600","Farmington, MO",0.1275
"cz30801","Hobbs, NM & TX",0.127
"cz34002","Idabel, AR & OK",0.126
"cz8601","Waycross, GA",0.1258
"cz30702","Santa Rosa, NM",0.1256
"cz10301","Eufaula, AL & GA",0.1255
"cz3902","Lake Providence, LA",0.1243
"cz35500","Gallup, AZ & NM",0.1224
"cz4502","Hazard, KY",0.122
"cz31402","Pecos, TX",0.1213
"cz4903","Lexington, TN",0.121
"cz37902","Reno, NV",0.1206
"cz10600","Jasper, AL",0.1205
"cz1702","Henderson, NC",0.1201
"cz34101","Sand Point, AK",0.1194
"cz3201","Jena, LA",0.1187
"cz25800","Blytheville, AR & MO",0.1184
"cz16902","Spencer, WV",0.1181
"cz4501","West Liberty, KY",0.1174
"cz4602","Somerset, KY & TN",0.1168
"cz32306","Eagle Pass, TX",0.1165
"cz301","Middlesborough, KY & TN",0.1147
"cz17000","Pikeville, KY & WV",0.1134
"cz11002","Atmore, AL",0.1131
"cz34112","Bethel, AK",0.1085
"cz8501","Fitzgerald, GA",0.1043
"cz1301","Bennettsville, SC",0.1041
"cz34105","Kotzebue, AK",0.1032
"cz31302","Beeville, TX",0.1014
"cz31403","Fort Stockton, TX",0.1006
"cz31501","Crystal City, TX",0.0977
"cz31502","Pearsall, TX",0.0935
"cz30605","Van Horn, TX",0.0766
"cz11202","Welch, WV",0.067